gpac,/src/gpac/include/gpac/bifs.h,/work/include/gpac/bifs.h
gpac,/src/gpac/include/gpac/crypt.h,/work/include/gpac/crypt.h
gpac,/src/gpac/include/gpac/nodes_mpeg4.h,/work/include/gpac/nodes_mpeg4.h
gpac,/src/gpac/include/gpac/events_constants.h,/work/include/gpac/events_constants.h
gpac,/src/gpac/include/gpac/dvb_mpe.h,/work/include/gpac/dvb_mpe.h
gpac,/src/gpac/include/gpac/evg.h,/work/include/gpac/evg.h
gpac,/src/gpac/include/gpac/ait.h,/work/include/gpac/ait.h
gpac,/src/gpac/include/gpac/module.h,/work/include/gpac/module.h
gpac,/src/gpac/include/gpac/tools.h,/work/include/gpac/tools.h
gpac,/src/gpac/include/gpac/mpegts.h,/work/include/gpac/mpegts.h
gpac,/src/gpac/include/gpac/00_doxy.h,/work/include/gpac/00_doxy.h
gpac,/src/gpac/include/gpac/events.h,/work/include/gpac/events.h
gpac,/src/gpac/include/gpac/base_coding.h,/work/include/gpac/base_coding.h
gpac,/src/gpac/include/gpac/webvtt.h,/work/include/gpac/webvtt.h
gpac,/src/gpac/include/gpac/scene_engine.h,/work/include/gpac/scene_engine.h
gpac,/src/gpac/include/gpac/color.h,/work/include/gpac/color.h
gpac,/src/gpac/include/gpac/svg_types.h,/work/include/gpac/svg_types.h
gpac,/src/gpac/include/gpac/media_tools.h,/work/include/gpac/media_tools.h
gpac,/src/gpac/include/gpac/thread.h,/work/include/gpac/thread.h
gpac,/src/gpac/include/gpac/nodes_x3d.h,/work/include/gpac/nodes_x3d.h
gpac,/src/gpac/include/gpac/dsmcc.h,/work/include/gpac/dsmcc.h
gpac,/src/gpac/include/gpac/path2d.h,/work/include/gpac/path2d.h
gpac,/src/gpac/include/gpac/ietf.h,/work/include/gpac/ietf.h
gpac,/src/gpac/include/gpac/avparse.h,/work/include/gpac/avparse.h
gpac,/src/gpac/include/gpac/main.h,/work/include/gpac/main.h
gpac,/src/gpac/include/gpac/config_file.h,/work/include/gpac/config_file.h
gpac,/src/gpac/include/gpac/scenegraph_svg.h,/work/include/gpac/scenegraph_svg.h
gpac,/src/gpac/include/gpac/scene_manager.h,/work/include/gpac/scene_manager.h
gpac,/src/gpac/include/gpac/configuration.h,/work/include/gpac/configuration.h
gpac,/src/gpac/include/gpac/modules/font.h,/work/include/gpac/modules/font.h
gpac,/src/gpac/include/gpac/modules/ipmp.h,/work/include/gpac/modules/ipmp.h
gpac,/src/gpac/include/gpac/modules/hardcoded_proto.h,/work/include/gpac/modules/hardcoded_proto.h
gpac,/src/gpac/include/gpac/modules/audio_out.h,/work/include/gpac/modules/audio_out.h
gpac,/src/gpac/include/gpac/modules/compositor_ext.h,/work/include/gpac/modules/compositor_ext.h
gpac,/src/gpac/include/gpac/modules/codec.h,/work/include/gpac/modules/codec.h
gpac,/src/gpac/include/gpac/modules/video_out.h,/work/include/gpac/modules/video_out.h
gpac,/src/gpac/include/gpac/mpeg4_odf.h,/work/include/gpac/mpeg4_odf.h
gpac,/src/gpac/include/gpac/download.h,/work/include/gpac/download.h
gpac,/src/gpac/include/gpac/bitstream.h,/work/include/gpac/bitstream.h
gpac,/src/gpac/include/gpac/version.h,/work/include/gpac/version.h
gpac,/src/gpac/include/gpac/crypt_tools.h,/work/include/gpac/crypt_tools.h
gpac,/src/gpac/include/gpac/mediaobject.h,/work/include/gpac/mediaobject.h
gpac,/src/gpac/include/gpac/utf.h,/work/include/gpac/utf.h
gpac,/src/gpac/include/gpac/setup.h,/work/include/gpac/setup.h
gpac,/src/gpac/include/gpac/internal/media_dev.h,/work/include/gpac/internal/media_dev.h
gpac,/src/gpac/include/gpac/internal/dvb_mpe_dev.h,/work/include/gpac/internal/dvb_mpe_dev.h
gpac,/src/gpac/include/gpac/internal/scenegraph_dev.h,/work/include/gpac/internal/scenegraph_dev.h
gpac,/src/gpac/include/gpac/internal/compositor_dev.h,/work/include/gpac/internal/compositor_dev.h
gpac,/src/gpac/include/gpac/internal/laser_dev.h,/work/include/gpac/internal/laser_dev.h
gpac,/src/gpac/include/gpac/internal/crypt_dev.h,/work/include/gpac/internal/crypt_dev.h
gpac,/src/gpac/include/gpac/internal/camera.h,/work/include/gpac/internal/camera.h
gpac,/src/gpac/include/gpac/internal/vobsub.h,/work/include/gpac/internal/vobsub.h
gpac,/src/gpac/include/gpac/internal/odf_parse_common.h,/work/include/gpac/internal/odf_parse_common.h
gpac,/src/gpac/include/gpac/internal/odf_dev.h,/work/include/gpac/internal/odf_dev.h
gpac,/src/gpac/include/gpac/internal/ogg.h,/work/include/gpac/internal/ogg.h
gpac,/src/gpac/include/gpac/internal/bifs_tables.h,/work/include/gpac/internal/bifs_tables.h
gpac,/src/gpac/include/gpac/internal/reedsolomon.h,/work/include/gpac/internal/reedsolomon.h
gpac,/src/gpac/include/gpac/internal/mesh.h,/work/include/gpac/internal/mesh.h
gpac,/src/gpac/include/gpac/internal/bifs_dev.h,/work/include/gpac/internal/bifs_dev.h
gpac,/src/gpac/include/gpac/internal/isomedia_dev.h,/work/include/gpac/internal/isomedia_dev.h
gpac,/src/gpac/include/gpac/internal/ietf_dev.h,/work/include/gpac/internal/ietf_dev.h
gpac,/src/gpac/include/gpac/internal/swf_dev.h,/work/include/gpac/internal/swf_dev.h
gpac,/src/gpac/include/gpac/internal/avilib.h,/work/include/gpac/internal/avilib.h
gpac,/src/gpac/include/gpac/internal/m3u8.h,/work/include/gpac/internal/m3u8.h
gpac,/src/gpac/include/gpac/html5_mse.h,/work/include/gpac/html5_mse.h
gpac,/src/gpac/include/gpac/scenegraph_vrml.h,/work/include/gpac/scenegraph_vrml.h
gpac,/src/gpac/include/gpac/revision.h,/work/include/gpac/revision.h
gpac,/src/gpac/include/gpac/cache.h,/work/include/gpac/cache.h
gpac,/src/gpac/include/gpac/mpd.h,/work/include/gpac/mpd.h
gpac,/src/gpac/include/gpac/rtp_streamer.h,/work/include/gpac/rtp_streamer.h
gpac,/src/gpac/include/gpac/compositor.h,/work/include/gpac/compositor.h
gpac,/src/gpac/include/gpac/nodes_svg.h,/work/include/gpac/nodes_svg.h
gpac,/src/gpac/include/gpac/network.h,/work/include/gpac/network.h
gpac,/src/gpac/include/gpac/maths.h,/work/include/gpac/maths.h
gpac,/src/gpac/include/gpac/constants.h,/work/include/gpac/constants.h
gpac,/src/gpac/include/gpac/filters.h,/work/include/gpac/filters.h
gpac,/src/gpac/include/gpac/Remotery.h,/work/include/gpac/Remotery.h
gpac,/src/gpac/include/gpac/xml.h,/work/include/gpac/xml.h
gpac,/src/gpac/include/gpac/route.h,/work/include/gpac/route.h
gpac,/src/gpac/include/gpac/html5_media.h,/work/include/gpac/html5_media.h
gpac,/src/gpac/include/gpac/list.h,/work/include/gpac/list.h
gpac,/src/gpac/include/gpac/sync_layer.h,/work/include/gpac/sync_layer.h
gpac,/src/gpac/include/gpac/scenegraph.h,/work/include/gpac/scenegraph.h
gpac,/src/gpac/include/gpac/laser.h,/work/include/gpac/laser.h
gpac,/src/gpac/include/gpac/isomedia.h,/work/include/gpac/isomedia.h
gpac,/src/gpac/include/gpac/dash.h,/work/include/gpac/dash.h
gpac,/src/gpac/include/gpac/token.h,/work/include/gpac/token.h
gpac,/src/gpac/include/gpac/iso639.h,/work/include/gpac/iso639.h
