pjsip,/src/pjsip/pjmedia/include/pjmedia_audiodev.h,/work/include/pjmedia_audiodev.h
pjsip,/src/pjsip/pjsip/include/pjsip_ua.h,/work/include/pjsip_ua.h
pjsip,/src/pjsip/pjmedia/include/pjmedia-codec/config.h,/work/include/pjmedia-codec/config.h
pjsip,/src/pjsip/pjmedia/include/pjmedia-codec/ilbc.h,/work/include/pjmedia-codec/ilbc.h
pjsip,/src/pjsip/pjmedia/include/pjmedia-codec/openh264.h,/work/include/pjmedia-codec/openh264.h
pjsip,/src/pjsip/pjmedia/include/pjmedia-codec/vpx_packetizer.h,/work/include/pjmedia-codec/vpx_packetizer.h
pjsip,/src/pjsip/pjmedia/include/pjmedia-codec/vid_toolbox.h,/work/include/pjmedia-codec/vid_toolbox.h
pjsip,/src/pjsip/pjmedia/include/pjmedia-codec/h263_packetizer.h,/work/include/pjmedia-codec/h263_packetizer.h
pjsip,/src/pjsip/pjmedia/include/pjmedia-codec/and_vid_mediacodec.h,/work/include/pjmedia-codec/and_vid_mediacodec.h
pjsip,/src/pjsip/pjmedia/include/pjmedia-codec/ffmpeg_vid_codecs.h,/work/include/pjmedia-codec/ffmpeg_vid_codecs.h
pjsip,/src/pjsip/pjmedia/include/pjmedia-codec/silk.h,/work/include/pjmedia-codec/silk.h
pjsip,/src/pjsip/pjmedia/include/pjmedia-codec/g7221.h,/work/include/pjmedia-codec/g7221.h
pjsip,/src/pjsip/pjmedia/include/pjmedia-codec/opencore_amr.h,/work/include/pjmedia-codec/opencore_amr.h
pjsip,/src/pjsip/pjmedia/include/pjmedia-codec/passthrough.h,/work/include/pjmedia-codec/passthrough.h
pjsip,/src/pjsip/pjmedia/include/pjmedia-codec/audio_codecs.h,/work/include/pjmedia-codec/audio_codecs.h
pjsip,/src/pjsip/pjmedia/include/pjmedia-codec/ipp_codecs.h,/work/include/pjmedia-codec/ipp_codecs.h
pjsip,/src/pjsip/pjmedia/include/pjmedia-codec/speex.h,/work/include/pjmedia-codec/speex.h
pjsip,/src/pjsip/pjmedia/include/pjmedia-codec/gsm.h,/work/include/pjmedia-codec/gsm.h
pjsip,/src/pjsip/pjmedia/include/pjmedia-codec/h264_packetizer.h,/work/include/pjmedia-codec/h264_packetizer.h
pjsip,/src/pjsip/pjmedia/include/pjmedia-codec/amr_sdp_match.h,/work/include/pjmedia-codec/amr_sdp_match.h
pjsip,/src/pjsip/pjmedia/include/pjmedia-codec/amr_helper.h,/work/include/pjmedia-codec/amr_helper.h
pjsip,/src/pjsip/pjmedia/include/pjmedia-codec/bcg729.h,/work/include/pjmedia-codec/bcg729.h
pjsip,/src/pjsip/pjmedia/include/pjmedia-codec/g7221_sdp_match.h,/work/include/pjmedia-codec/g7221_sdp_match.h
pjsip,/src/pjsip/pjmedia/include/pjmedia-codec/config_auto.h.in,/work/include/pjmedia-codec/config_auto.h.in
pjsip,/src/pjsip/pjmedia/include/pjmedia-codec/opus.h,/work/include/pjmedia-codec/opus.h
pjsip,/src/pjsip/pjmedia/include/pjmedia-codec/g722.h,/work/include/pjmedia-codec/g722.h
pjsip,/src/pjsip/pjmedia/include/pjmedia-codec/vpx.h,/work/include/pjmedia-codec/vpx.h
pjsip,/src/pjsip/pjmedia/include/pjmedia-codec/l16.h,/work/include/pjmedia-codec/l16.h
pjsip,/src/pjsip/pjmedia/include/pjmedia-codec/config_auto.h,/work/include/pjmedia-codec/config_auto.h
pjsip,/src/pjsip/pjmedia/include/pjmedia-codec/and_aud_mediacodec.h,/work/include/pjmedia-codec/and_aud_mediacodec.h
pjsip,/src/pjsip/pjmedia/include/pjmedia-codec/types.h,/work/include/pjmedia-codec/types.h
pjsip,/src/pjsip/pjmedia/include/pjmedia_videodev.h,/work/include/pjmedia_videodev.h
pjsip,/src/pjsip/pjsip/include/pjsip-simple/errno.h,/work/include/pjsip-simple/errno.h
pjsip,/src/pjsip/pjsip/include/pjsip-simple/presence.h,/work/include/pjsip-simple/presence.h
pjsip,/src/pjsip/pjsip/include/pjsip-simple/rpid.h,/work/include/pjsip-simple/rpid.h
pjsip,/src/pjsip/pjsip/include/pjsip-simple/pidf.h,/work/include/pjsip-simple/pidf.h
pjsip,/src/pjsip/pjsip/include/pjsip-simple/iscomposing.h,/work/include/pjsip-simple/iscomposing.h
pjsip,/src/pjsip/pjsip/include/pjsip-simple/mwi.h,/work/include/pjsip-simple/mwi.h
pjsip,/src/pjsip/pjsip/include/pjsip-simple/publish.h,/work/include/pjsip-simple/publish.h
pjsip,/src/pjsip/pjsip/include/pjsip-simple/xpidf.h,/work/include/pjsip-simple/xpidf.h
pjsip,/src/pjsip/pjsip/include/pjsip-simple/evsub.h,/work/include/pjsip-simple/evsub.h
pjsip,/src/pjsip/pjsip/include/pjsip-simple/evsub_msg.h,/work/include/pjsip-simple/evsub_msg.h
pjsip,/src/pjsip/pjsip/include/pjsip-simple/types.h,/work/include/pjsip-simple/types.h
pjsip,/src/pjsip/pjlib-util/include/pjlib-util/errno.h,/work/include/pjlib-util/errno.h
pjsip,/src/pjsip/pjlib-util/include/pjlib-util/scanner_cis_uint.h,/work/include/pjlib-util/scanner_cis_uint.h
pjsip,/src/pjsip/pjlib-util/include/pjlib-util/cli.h,/work/include/pjlib-util/cli.h
pjsip,/src/pjsip/pjlib-util/include/pjlib-util/config.h,/work/include/pjlib-util/config.h
pjsip,/src/pjsip/pjlib-util/include/pjlib-util/base64.h,/work/include/pjlib-util/base64.h
pjsip,/src/pjsip/pjlib-util/include/pjlib-util/cli_imp.h,/work/include/pjlib-util/cli_imp.h
pjsip,/src/pjsip/pjlib-util/include/pjlib-util/srv_resolver.h,/work/include/pjlib-util/srv_resolver.h
pjsip,/src/pjsip/pjlib-util/include/pjlib-util/dns.h,/work/include/pjlib-util/dns.h
pjsip,/src/pjsip/pjlib-util/include/pjlib-util/scanner.h,/work/include/pjlib-util/scanner.h
pjsip,/src/pjsip/pjlib-util/include/pjlib-util/sha1.h,/work/include/pjlib-util/sha1.h
pjsip,/src/pjsip/pjlib-util/include/pjlib-util/cli_telnet.h,/work/include/pjlib-util/cli_telnet.h
pjsip,/src/pjsip/pjlib-util/include/pjlib-util/json.h,/work/include/pjlib-util/json.h
pjsip,/src/pjsip/pjlib-util/include/pjlib-util/getopt.h,/work/include/pjlib-util/getopt.h
pjsip,/src/pjsip/pjlib-util/include/pjlib-util/resolver.h,/work/include/pjlib-util/resolver.h
pjsip,/src/pjsip/pjlib-util/include/pjlib-util/dns_server.h,/work/include/pjlib-util/dns_server.h
pjsip,/src/pjsip/pjlib-util/include/pjlib-util/md5.h,/work/include/pjlib-util/md5.h
pjsip,/src/pjsip/pjlib-util/include/pjlib-util/string.h,/work/include/pjlib-util/string.h
pjsip,/src/pjsip/pjlib-util/include/pjlib-util/hmac_sha1.h,/work/include/pjlib-util/hmac_sha1.h
pjsip,/src/pjsip/pjlib-util/include/pjlib-util/http_client.h,/work/include/pjlib-util/http_client.h
pjsip,/src/pjsip/pjlib-util/include/pjlib-util/stun_simple.h,/work/include/pjlib-util/stun_simple.h
pjsip,/src/pjsip/pjlib-util/include/pjlib-util/hmac_md5.h,/work/include/pjlib-util/hmac_md5.h
pjsip,/src/pjsip/pjlib-util/include/pjlib-util/xml.h,/work/include/pjlib-util/xml.h
pjsip,/src/pjsip/pjlib-util/include/pjlib-util/scanner_cis_bitwise.h,/work/include/pjlib-util/scanner_cis_bitwise.h
pjsip,/src/pjsip/pjlib-util/include/pjlib-util/pcap.h,/work/include/pjlib-util/pcap.h
pjsip,/src/pjsip/pjlib-util/include/pjlib-util/cli_console.h,/work/include/pjlib-util/cli_console.h
pjsip,/src/pjsip/pjlib-util/include/pjlib-util/types.h,/work/include/pjlib-util/types.h
pjsip,/src/pjsip/pjlib-util/include/pjlib-util/crc32.h,/work/include/pjlib-util/crc32.h
pjsip,/src/pjsip/pjsip/include/pjsua2.hpp,/work/include/pjsua2.hpp
pjsip,/src/pjsip/pjmedia/include/pjmedia-audiodev/errno.h,/work/include/pjmedia-audiodev/errno.h
pjsip,/src/pjsip/pjmedia/include/pjmedia-audiodev/config.h,/work/include/pjmedia-audiodev/config.h
pjsip,/src/pjsip/pjmedia/include/pjmedia-audiodev/audiotest.h,/work/include/pjmedia-audiodev/audiotest.h
pjsip,/src/pjsip/pjmedia/include/pjmedia-audiodev/audiodev.h,/work/include/pjmedia-audiodev/audiodev.h
pjsip,/src/pjsip/pjmedia/include/pjmedia-audiodev/audiodev_imp.h,/work/include/pjmedia-audiodev/audiodev_imp.h
pjsip,/src/pjsip/pjmedia/include/pjmedia-codec.h,/work/include/pjmedia-codec.h
pjsip,/src/pjsip/pjsip/include/pjsua.h,/work/include/pjsua.h
pjsip,/src/pjsip/pjsip/include/pjsip/sip_transport_udp.h,/work/include/pjsip/sip_transport_udp.h
pjsip,/src/pjsip/pjsip/include/pjsip/sip_endpoint.h,/work/include/pjsip/sip_endpoint.h
pjsip,/src/pjsip/pjsip/include/pjsip/sip_autoconf.h.in,/work/include/pjsip/sip_autoconf.h.in
pjsip,/src/pjsip/pjsip/include/pjsip/print_util.h,/work/include/pjsip/print_util.h
pjsip,/src/pjsip/pjsip/include/pjsip/sip_msg.h,/work/include/pjsip/sip_msg.h
pjsip,/src/pjsip/pjsip/include/pjsip/sip_transaction.h,/work/include/pjsip/sip_transaction.h
pjsip,/src/pjsip/pjsip/include/pjsip/sip_uri.h,/work/include/pjsip/sip_uri.h
pjsip,/src/pjsip/pjsip/include/pjsip/sip_types.h,/work/include/pjsip/sip_types.h
pjsip,/src/pjsip/pjsip/include/pjsip/sip_ua_layer.h,/work/include/pjsip/sip_ua_layer.h
pjsip,/src/pjsip/pjsip/include/pjsip/sip_dialog.h,/work/include/pjsip/sip_dialog.h
pjsip,/src/pjsip/pjsip/include/pjsip/sip_resolve.h,/work/include/pjsip/sip_resolve.h
pjsip,/src/pjsip/pjsip/include/pjsip/sip_transport.h,/work/include/pjsip/sip_transport.h
pjsip,/src/pjsip/pjsip/include/pjsip/sip_autoconf.h,/work/include/pjsip/sip_autoconf.h
pjsip,/src/pjsip/pjsip/include/pjsip/sip_multipart.h,/work/include/pjsip/sip_multipart.h
pjsip,/src/pjsip/pjsip/include/pjsip/sip_parser.h,/work/include/pjsip/sip_parser.h
pjsip,/src/pjsip/pjsip/include/pjsip/sip_transport_loop.h,/work/include/pjsip/sip_transport_loop.h
pjsip,/src/pjsip/pjsip/include/pjsip/sip_auth_msg.h,/work/include/pjsip/sip_auth_msg.h
pjsip,/src/pjsip/pjsip/include/pjsip/sip_event.h,/work/include/pjsip/sip_event.h
pjsip,/src/pjsip/pjsip/include/pjsip/sip_auth_parser.h,/work/include/pjsip/sip_auth_parser.h
pjsip,/src/pjsip/pjsip/include/pjsip/sip_module.h,/work/include/pjsip/sip_module.h
pjsip,/src/pjsip/pjsip/include/pjsip/sip_private.h,/work/include/pjsip/sip_private.h
pjsip,/src/pjsip/pjsip/include/pjsip/sip_errno.h,/work/include/pjsip/sip_errno.h
pjsip,/src/pjsip/pjsip/include/pjsip/sip_auth.h,/work/include/pjsip/sip_auth.h
pjsip,/src/pjsip/pjsip/include/pjsip/sip_util.h,/work/include/pjsip/sip_util.h
pjsip,/src/pjsip/pjsip/include/pjsip/sip_config.h,/work/include/pjsip/sip_config.h
pjsip,/src/pjsip/pjsip/include/pjsip/sip_auth_aka.h,/work/include/pjsip/sip_auth_aka.h
pjsip,/src/pjsip/pjsip/include/pjsip/sip_tel_uri.h,/work/include/pjsip/sip_tel_uri.h
pjsip,/src/pjsip/pjsip/include/pjsip/sip_transport_tls.h,/work/include/pjsip/sip_transport_tls.h
pjsip,/src/pjsip/pjsip/include/pjsip/sip_transport_tcp.h,/work/include/pjsip/sip_transport_tcp.h
pjsip,/src/pjsip/pjsip/include/pjsip_auth.h,/work/include/pjsip_auth.h
pjsip,/src/pjsip/pjlib/include/pj++/types.hpp,/work/include/pj++/types.hpp
pjsip,/src/pjsip/pjlib/include/pj++/file.hpp,/work/include/pj++/file.hpp
pjsip,/src/pjsip/pjlib/include/pj++/hash.hpp,/work/include/pj++/hash.hpp
pjsip,/src/pjsip/pjlib/include/pj++/tree.hpp,/work/include/pj++/tree.hpp
pjsip,/src/pjsip/pjlib/include/pj++/proactor.hpp,/work/include/pj++/proactor.hpp
pjsip,/src/pjsip/pjlib/include/pj++/lock.hpp,/work/include/pj++/lock.hpp
pjsip,/src/pjsip/pjlib/include/pj++/pool.hpp,/work/include/pj++/pool.hpp
pjsip,/src/pjsip/pjlib/include/pj++/timer.hpp,/work/include/pj++/timer.hpp
pjsip,/src/pjsip/pjlib/include/pj++/list.hpp,/work/include/pj++/list.hpp
pjsip,/src/pjsip/pjlib/include/pj++/os.hpp,/work/include/pj++/os.hpp
pjsip,/src/pjsip/pjlib/include/pj++/scanner.hpp,/work/include/pj++/scanner.hpp
pjsip,/src/pjsip/pjlib/include/pj++/sock.hpp,/work/include/pj++/sock.hpp
pjsip,/src/pjsip/pjlib/include/pj++/string.hpp,/work/include/pj++/string.hpp
pjsip,/src/pjsip/pjsip/include/pjsip-ua/sip_regc.h,/work/include/pjsip-ua/sip_regc.h
pjsip,/src/pjsip/pjsip/include/pjsip-ua/sip_100rel.h,/work/include/pjsip-ua/sip_100rel.h
pjsip,/src/pjsip/pjsip/include/pjsip-ua/sip_timer.h,/work/include/pjsip-ua/sip_timer.h
pjsip,/src/pjsip/pjsip/include/pjsip-ua/sip_inv.h,/work/include/pjsip-ua/sip_inv.h
pjsip,/src/pjsip/pjsip/include/pjsip-ua/sip_xfer.h,/work/include/pjsip-ua/sip_xfer.h
pjsip,/src/pjsip/pjsip/include/pjsip-ua/sip_replaces.h,/work/include/pjsip-ua/sip_replaces.h
pjsip,/src/pjsip/pjmedia/include/pjmedia.h,/work/include/pjmedia.h
pjsip,/src/pjsip/pjsip/include/pjsua2/types.hpp,/work/include/pjsua2/types.hpp
pjsip,/src/pjsip/pjsip/include/pjsua2/presence.hpp,/work/include/pjsua2/presence.hpp
pjsip,/src/pjsip/pjsip/include/pjsua2/json.hpp,/work/include/pjsua2/json.hpp
pjsip,/src/pjsip/pjsip/include/pjsua2/media.hpp,/work/include/pjsua2/media.hpp
pjsip,/src/pjsip/pjsip/include/pjsua2/account.hpp,/work/include/pjsua2/account.hpp
pjsip,/src/pjsip/pjsip/include/pjsua2/persistent.hpp,/work/include/pjsua2/persistent.hpp
pjsip,/src/pjsip/pjsip/include/pjsua2/endpoint.hpp,/work/include/pjsua2/endpoint.hpp
pjsip,/src/pjsip/pjsip/include/pjsua2/config.hpp,/work/include/pjsua2/config.hpp
pjsip,/src/pjsip/pjsip/include/pjsua2/siptypes.hpp,/work/include/pjsua2/siptypes.hpp
pjsip,/src/pjsip/pjsip/include/pjsua2/call.hpp,/work/include/pjsua2/call.hpp
pjsip,/src/pjsip/pjsip/include/pjsua2/doxygen.hpp,/work/include/pjsua2/doxygen.hpp
pjsip,/src/pjsip/pjlib-util/include/pjlib-util.h,/work/include/pjlib-util.h
pjsip,/src/pjsip/pjnath/include/pjnath.h,/work/include/pjnath.h
pjsip,/src/pjsip/pjlib/include/pj/errno.h,/work/include/pj/errno.h
pjsip,/src/pjsip/pjlib/include/pj/config.h,/work/include/pj/config.h
pjsip,/src/pjsip/pjlib/include/pj/list_i.h,/work/include/pj/list_i.h
pjsip,/src/pjsip/pjlib/include/pj/rand.h,/work/include/pj/rand.h
pjsip,/src/pjsip/pjlib/include/pj/activesock.h,/work/include/pj/activesock.h
pjsip,/src/pjsip/pjlib/include/pj/limits.h,/work/include/pj/limits.h
pjsip,/src/pjsip/pjlib/include/pj/assert.h,/work/include/pj/assert.h
pjsip,/src/pjsip/pjlib/include/pj/fifobuf.h,/work/include/pj/fifobuf.h
pjsip,/src/pjsip/pjlib/include/pj/pool.h,/work/include/pj/pool.h
pjsip,/src/pjsip/pjlib/include/pj/lock.h,/work/include/pj/lock.h
pjsip,/src/pjsip/pjlib/include/pj/string_i.h,/work/include/pj/string_i.h
pjsip,/src/pjsip/pjlib/include/pj/doxygen.h,/work/include/pj/doxygen.h
pjsip,/src/pjsip/pjlib/include/pj/ioqueue.h,/work/include/pj/ioqueue.h
pjsip,/src/pjsip/pjlib/include/pj/ssl_sock.h,/work/include/pj/ssl_sock.h
pjsip,/src/pjsip/pjlib/include/pj/sock_qos.h,/work/include/pj/sock_qos.h
pjsip,/src/pjsip/pjlib/include/pj/sock_select.h,/work/include/pj/sock_select.h
pjsip,/src/pjsip/pjlib/include/pj/compat/errno.h,/work/include/pj/compat/errno.h
pjsip,/src/pjsip/pjlib/include/pj/compat/cc_gcc.h,/work/include/pj/compat/cc_gcc.h
pjsip,/src/pjsip/pjlib/include/pj/compat/cc_gcce.h,/work/include/pj/compat/cc_gcce.h
pjsip,/src/pjsip/pjlib/include/pj/compat/rand.h,/work/include/pj/compat/rand.h
pjsip,/src/pjsip/pjlib/include/pj/compat/m_armv4.h,/work/include/pj/compat/m_armv4.h
pjsip,/src/pjsip/pjlib/include/pj/compat/limits.h,/work/include/pj/compat/limits.h
pjsip,/src/pjsip/pjlib/include/pj/compat/assert.h,/work/include/pj/compat/assert.h
pjsip,/src/pjsip/pjlib/include/pj/compat/m_alpha.h,/work/include/pj/compat/m_alpha.h
pjsip,/src/pjsip/pjlib/include/pj/compat/os_auto.h,/work/include/pj/compat/os_auto.h
pjsip,/src/pjsip/pjlib/include/pj/compat/m_sparc.h,/work/include/pj/compat/m_sparc.h
pjsip,/src/pjsip/pjlib/include/pj/compat/size_t.h,/work/include/pj/compat/size_t.h
pjsip,/src/pjsip/pjlib/include/pj/compat/m_x86_64.h,/work/include/pj/compat/m_x86_64.h
pjsip,/src/pjsip/pjlib/include/pj/compat/malloc.h,/work/include/pj/compat/malloc.h
pjsip,/src/pjsip/pjlib/include/pj/compat/os_rtems.h,/work/include/pj/compat/os_rtems.h
pjsip,/src/pjsip/pjlib/include/pj/compat/m_powerpc.h,/work/include/pj/compat/m_powerpc.h
pjsip,/src/pjsip/pjlib/include/pj/compat/os_winuwp.h,/work/include/pj/compat/os_winuwp.h
pjsip,/src/pjsip/pjlib/include/pj/compat/cc_codew.h,/work/include/pj/compat/cc_codew.h
pjsip,/src/pjsip/pjlib/include/pj/compat/setjmp.h,/work/include/pj/compat/setjmp.h
pjsip,/src/pjsip/pjlib/include/pj/compat/m_m68k.h,/work/include/pj/compat/m_m68k.h
pjsip,/src/pjsip/pjlib/include/pj/compat/cc_msvc.h,/work/include/pj/compat/cc_msvc.h
pjsip,/src/pjsip/pjlib/include/pj/compat/socket.h,/work/include/pj/compat/socket.h
pjsip,/src/pjsip/pjlib/include/pj/compat/m_auto.h.in,/work/include/pj/compat/m_auto.h.in
pjsip,/src/pjsip/pjlib/include/pj/compat/os_win32_wince.h,/work/include/pj/compat/os_win32_wince.h
pjsip,/src/pjsip/pjlib/include/pj/compat/os_sunos.h,/work/include/pj/compat/os_sunos.h
pjsip,/src/pjsip/pjlib/include/pj/compat/string.h,/work/include/pj/compat/string.h
pjsip,/src/pjsip/pjlib/include/pj/compat/os_win32.h,/work/include/pj/compat/os_win32.h
pjsip,/src/pjsip/pjlib/include/pj/compat/high_precision.h,/work/include/pj/compat/high_precision.h
pjsip,/src/pjsip/pjlib/include/pj/compat/ctype.h,/work/include/pj/compat/ctype.h
pjsip,/src/pjsip/pjlib/include/pj/compat/os_palmos.h,/work/include/pj/compat/os_palmos.h
pjsip,/src/pjsip/pjlib/include/pj/compat/stdarg.h,/work/include/pj/compat/stdarg.h
pjsip,/src/pjsip/pjlib/include/pj/compat/time.h,/work/include/pj/compat/time.h
pjsip,/src/pjsip/pjlib/include/pj/compat/m_auto.h,/work/include/pj/compat/m_auto.h
pjsip,/src/pjsip/pjlib/include/pj/compat/cc_mwcc.h,/work/include/pj/compat/cc_mwcc.h
pjsip,/src/pjsip/pjlib/include/pj/compat/cc_armcc.h,/work/include/pj/compat/cc_armcc.h
pjsip,/src/pjsip/pjlib/include/pj/compat/os_auto.h.in,/work/include/pj/compat/os_auto.h.in
pjsip,/src/pjsip/pjlib/include/pj/compat/m_i386.h,/work/include/pj/compat/m_i386.h
pjsip,/src/pjsip/pjlib/include/pj/compat/os_winphone8.h,/work/include/pj/compat/os_winphone8.h
pjsip,/src/pjsip/pjlib/include/pj/compat/os_linux.h,/work/include/pj/compat/os_linux.h
pjsip,/src/pjsip/pjlib/include/pj/compat/os_darwinos.h,/work/include/pj/compat/os_darwinos.h
pjsip,/src/pjsip/pjlib/include/pj/compat/stdfileio.h,/work/include/pj/compat/stdfileio.h
pjsip,/src/pjsip/pjlib/include/pj/compat/os_symbian.h,/work/include/pj/compat/os_symbian.h
pjsip,/src/pjsip/pjlib/include/pj/os.h,/work/include/pj/os.h
pjsip,/src/pjsip/pjlib/include/pj/log.h,/work/include/pj/log.h
pjsip,/src/pjsip/pjlib/include/pj/pool_i.h,/work/include/pj/pool_i.h
pjsip,/src/pjsip/pjlib/include/pj/except.h,/work/include/pj/except.h
pjsip,/src/pjsip/pjlib/include/pj/hash.h,/work/include/pj/hash.h
pjsip,/src/pjsip/pjlib/include/pj/guid.h,/work/include/pj/guid.h
pjsip,/src/pjsip/pjlib/include/pj/config_site_sample.h,/work/include/pj/config_site_sample.h
pjsip,/src/pjsip/pjlib/include/pj/string.h,/work/include/pj/string.h
pjsip,/src/pjsip/pjlib/include/pj/pool_alt.h,/work/include/pj/pool_alt.h
pjsip,/src/pjsip/pjlib/include/pj/ctype.h,/work/include/pj/ctype.h
pjsip,/src/pjsip/pjlib/include/pj/file_io.h,/work/include/pj/file_io.h
pjsip,/src/pjsip/pjlib/include/pj/sock.h,/work/include/pj/sock.h
pjsip,/src/pjsip/pjlib/include/pj/list.h,/work/include/pj/list.h
pjsip,/src/pjsip/pjlib/include/pj/math.h,/work/include/pj/math.h
pjsip,/src/pjsip/pjlib/include/pj/config_site_test.h,/work/include/pj/config_site_test.h
pjsip,/src/pjsip/pjlib/include/pj/timer.h,/work/include/pj/timer.h
pjsip,/src/pjsip/pjlib/include/pj/ip_helper.h,/work/include/pj/ip_helper.h
pjsip,/src/pjsip/pjlib/include/pj/addr_resolv.h,/work/include/pj/addr_resolv.h
pjsip,/src/pjsip/pjlib/include/pj/file_access.h,/work/include/pj/file_access.h
pjsip,/src/pjsip/pjlib/include/pj/pool_buf.h,/work/include/pj/pool_buf.h
pjsip,/src/pjsip/pjlib/include/pj/config_site.h,/work/include/pj/config_site.h
pjsip,/src/pjsip/pjlib/include/pj/rbtree.h,/work/include/pj/rbtree.h
pjsip,/src/pjsip/pjlib/include/pj/unicode.h,/work/include/pj/unicode.h
pjsip,/src/pjsip/pjlib/include/pj/array.h,/work/include/pj/array.h
pjsip,/src/pjsip/pjlib/include/pj/types.h,/work/include/pj/types.h
pjsip,/src/pjsip/pjsip/include/pjsip_simple.h,/work/include/pjsip_simple.h
pjsip,/src/pjsip/pjmedia/include/pjmedia-videodev/errno.h,/work/include/pjmedia-videodev/errno.h
pjsip,/src/pjsip/pjmedia/include/pjmedia-videodev/avi_dev.h,/work/include/pjmedia-videodev/avi_dev.h
pjsip,/src/pjsip/pjmedia/include/pjmedia-videodev/config.h,/work/include/pjmedia-videodev/config.h
pjsip,/src/pjsip/pjmedia/include/pjmedia-videodev/videodev_imp.h,/work/include/pjmedia-videodev/videodev_imp.h
pjsip,/src/pjsip/pjmedia/include/pjmedia-videodev/opengl_dev.h,/work/include/pjmedia-videodev/opengl_dev.h
pjsip,/src/pjsip/pjmedia/include/pjmedia-videodev/videodev.h,/work/include/pjmedia-videodev/videodev.h
pjsip,/src/pjsip/pjlib/include/pjlib++.hpp,/work/include/pjlib++.hpp
pjsip,/src/pjsip/pjsip/include/pjsua-lib/pjsua_internal.h,/work/include/pjsua-lib/pjsua_internal.h
pjsip,/src/pjsip/pjsip/include/pjsua-lib/pjsua.h,/work/include/pjsua-lib/pjsua.h
pjsip,/src/pjsip/pjnath/include/pjnath/errno.h,/work/include/pjnath/errno.h
pjsip,/src/pjsip/pjnath/include/pjnath/config.h,/work/include/pjnath/config.h
pjsip,/src/pjsip/pjnath/include/pjnath/stun_config.h,/work/include/pjnath/stun_config.h
pjsip,/src/pjsip/pjnath/include/pjnath/stun_sock.h,/work/include/pjnath/stun_sock.h
pjsip,/src/pjsip/pjnath/include/pjnath/turn_sock.h,/work/include/pjnath/turn_sock.h
pjsip,/src/pjsip/pjnath/include/pjnath/stun_auth.h,/work/include/pjnath/stun_auth.h
pjsip,/src/pjsip/pjnath/include/pjnath/stun_session.h,/work/include/pjnath/stun_session.h
pjsip,/src/pjsip/pjnath/include/pjnath/ice_session.h,/work/include/pjnath/ice_session.h
pjsip,/src/pjsip/pjnath/include/pjnath/ice_strans.h,/work/include/pjnath/ice_strans.h
pjsip,/src/pjsip/pjnath/include/pjnath/stun_msg.h,/work/include/pjnath/stun_msg.h
pjsip,/src/pjsip/pjnath/include/pjnath/turn_session.h,/work/include/pjnath/turn_session.h
pjsip,/src/pjsip/pjnath/include/pjnath/upnp.h,/work/include/pjnath/upnp.h
pjsip,/src/pjsip/pjnath/include/pjnath/nat_detect.h,/work/include/pjnath/nat_detect.h
pjsip,/src/pjsip/pjnath/include/pjnath/stun_transaction.h,/work/include/pjnath/stun_transaction.h
pjsip,/src/pjsip/pjnath/include/pjnath/types.h,/work/include/pjnath/types.h
pjsip,/src/pjsip/pjmedia/include/pjmedia/vid_tee.h,/work/include/pjmedia/vid_tee.h
pjsip,/src/pjsip/pjmedia/include/pjmedia/errno.h,/work/include/pjmedia/errno.h
pjsip,/src/pjsip/pjmedia/include/pjmedia/config.h,/work/include/pjmedia/config.h
pjsip,/src/pjsip/pjmedia/include/pjmedia/session.h,/work/include/pjmedia/session.h
pjsip,/src/pjsip/pjmedia/include/pjmedia/alaw_ulaw.h,/work/include/pjmedia/alaw_ulaw.h
pjsip,/src/pjsip/pjmedia/include/pjmedia/transport_loop.h,/work/include/pjmedia/transport_loop.h
pjsip,/src/pjsip/pjmedia/include/pjmedia/wave.h,/work/include/pjmedia/wave.h
pjsip,/src/pjsip/pjmedia/include/pjmedia/format.h,/work/include/pjmedia/format.h
pjsip,/src/pjsip/pjmedia/include/pjmedia/splitcomb.h,/work/include/pjmedia/splitcomb.h
pjsip,/src/pjsip/pjmedia/include/pjmedia/rtp.h,/work/include/pjmedia/rtp.h
pjsip,/src/pjsip/pjmedia/include/pjmedia/endpoint.h,/work/include/pjmedia/endpoint.h
pjsip,/src/pjsip/pjmedia/include/pjmedia/silencedet.h,/work/include/pjmedia/silencedet.h
pjsip,/src/pjsip/pjmedia/include/pjmedia/rtcp.h,/work/include/pjmedia/rtcp.h
pjsip,/src/pjsip/pjmedia/include/pjmedia/sound_port.h,/work/include/pjmedia/sound_port.h
pjsip,/src/pjsip/pjmedia/include/pjmedia/signatures.h,/work/include/pjmedia/signatures.h
pjsip,/src/pjsip/pjmedia/include/pjmedia/symbian_sound_aps.h,/work/include/pjmedia/symbian_sound_aps.h
pjsip,/src/pjsip/pjmedia/include/pjmedia/doxygen.h,/work/include/pjmedia/doxygen.h
pjsip,/src/pjsip/pjmedia/include/pjmedia/port.h,/work/include/pjmedia/port.h
pjsip,/src/pjsip/pjmedia/include/pjmedia/circbuf.h,/work/include/pjmedia/circbuf.h
pjsip,/src/pjsip/pjmedia/include/pjmedia/transport_srtp.h,/work/include/pjmedia/transport_srtp.h
pjsip,/src/pjsip/pjmedia/include/pjmedia/sdp.h,/work/include/pjmedia/sdp.h
pjsip,/src/pjsip/pjmedia/include/pjmedia/mem_port.h,/work/include/pjmedia/mem_port.h
pjsip,/src/pjsip/pjmedia/include/pjmedia/event.h,/work/include/pjmedia/event.h
pjsip,/src/pjsip/pjmedia/include/pjmedia/vid_codec_util.h,/work/include/pjmedia/vid_codec_util.h
pjsip,/src/pjsip/pjmedia/include/pjmedia/vid_port.h,/work/include/pjmedia/vid_port.h
pjsip,/src/pjsip/pjmedia/include/pjmedia/transport_ice.h,/work/include/pjmedia/transport_ice.h
pjsip,/src/pjsip/pjmedia/include/pjmedia/frame.h,/work/include/pjmedia/frame.h
pjsip,/src/pjsip/pjmedia/include/pjmedia/transport_adapter_sample.h,/work/include/pjmedia/transport_adapter_sample.h
pjsip,/src/pjsip/pjmedia/include/pjmedia/rtcp_fb.h,/work/include/pjmedia/rtcp_fb.h
pjsip,/src/pjsip/pjmedia/include/pjmedia/vid_codec.h,/work/include/pjmedia/vid_codec.h
pjsip,/src/pjsip/pjmedia/include/pjmedia/echo.h,/work/include/pjmedia/echo.h
pjsip,/src/pjsip/pjmedia/include/pjmedia/avi_stream.h,/work/include/pjmedia/avi_stream.h
pjsip,/src/pjsip/pjmedia/include/pjmedia/delaybuf.h,/work/include/pjmedia/delaybuf.h
pjsip,/src/pjsip/pjmedia/include/pjmedia/master_port.h,/work/include/pjmedia/master_port.h
pjsip,/src/pjsip/pjmedia/include/pjmedia/tonegen.h,/work/include/pjmedia/tonegen.h
pjsip,/src/pjsip/pjmedia/include/pjmedia/vid_stream.h,/work/include/pjmedia/vid_stream.h
pjsip,/src/pjsip/pjmedia/include/pjmedia/avi.h,/work/include/pjmedia/avi.h
pjsip,/src/pjsip/pjmedia/include/pjmedia/codec.h,/work/include/pjmedia/codec.h
pjsip,/src/pjsip/pjmedia/include/pjmedia/transport.h,/work/include/pjmedia/transport.h
pjsip,/src/pjsip/pjmedia/include/pjmedia/audiodev.h,/work/include/pjmedia/audiodev.h
pjsip,/src/pjsip/pjmedia/include/pjmedia/vid_conf.h,/work/include/pjmedia/vid_conf.h
pjsip,/src/pjsip/pjmedia/include/pjmedia/rtcp_xr.h,/work/include/pjmedia/rtcp_xr.h
pjsip,/src/pjsip/pjmedia/include/pjmedia/bidirectional.h,/work/include/pjmedia/bidirectional.h
pjsip,/src/pjsip/pjmedia/include/pjmedia/conference.h,/work/include/pjmedia/conference.h
pjsip,/src/pjsip/pjmedia/include/pjmedia/stream_common.h,/work/include/pjmedia/stream_common.h
pjsip,/src/pjsip/pjmedia/include/pjmedia/converter.h,/work/include/pjmedia/converter.h
pjsip,/src/pjsip/pjmedia/include/pjmedia/clock.h,/work/include/pjmedia/clock.h
pjsip,/src/pjsip/pjmedia/include/pjmedia/jbuf.h,/work/include/pjmedia/jbuf.h
pjsip,/src/pjsip/pjmedia/include/pjmedia/wav_port.h,/work/include/pjmedia/wav_port.h
pjsip,/src/pjsip/pjmedia/include/pjmedia/null_port.h,/work/include/pjmedia/null_port.h
pjsip,/src/pjsip/pjmedia/include/pjmedia/config_auto.h.in,/work/include/pjmedia/config_auto.h.in
pjsip,/src/pjsip/pjmedia/include/pjmedia/wsola.h,/work/include/pjmedia/wsola.h
pjsip,/src/pjsip/pjmedia/include/pjmedia/plc.h,/work/include/pjmedia/plc.h
pjsip,/src/pjsip/pjmedia/include/pjmedia/sound.h,/work/include/pjmedia/sound.h
pjsip,/src/pjsip/pjmedia/include/pjmedia/videodev.h,/work/include/pjmedia/videodev.h
pjsip,/src/pjsip/pjmedia/include/pjmedia/stream.h,/work/include/pjmedia/stream.h
pjsip,/src/pjsip/pjmedia/include/pjmedia/wav_playlist.h,/work/include/pjmedia/wav_playlist.h
pjsip,/src/pjsip/pjmedia/include/pjmedia/g711.h,/work/include/pjmedia/g711.h
pjsip,/src/pjsip/pjmedia/include/pjmedia/transport_udp.h,/work/include/pjmedia/transport_udp.h
pjsip,/src/pjsip/pjmedia/include/pjmedia/stereo.h,/work/include/pjmedia/stereo.h
pjsip,/src/pjsip/pjmedia/include/pjmedia/sdp_neg.h,/work/include/pjmedia/sdp_neg.h
pjsip,/src/pjsip/pjmedia/include/pjmedia/echo_port.h,/work/include/pjmedia/echo_port.h
pjsip,/src/pjsip/pjmedia/include/pjmedia/config_auto.h,/work/include/pjmedia/config_auto.h
pjsip,/src/pjsip/pjmedia/include/pjmedia/resample.h,/work/include/pjmedia/resample.h
pjsip,/src/pjsip/pjmedia/include/pjmedia/types.h,/work/include/pjmedia/types.h
pjsip,/src/pjsip/pjlib/include/pjlib.h,/work/include/pjlib.h
pjsip,/src/pjsip/pjsip/include/pjsip.h,/work/include/pjsip.h
