spdk,/src/spdk/include/spdk/histogram_data.h,/work/include/spdk/histogram_data.h
spdk,/src/spdk/dpdk/app/test-flow-perf/config.h,/work/include/spdk/config.h
spdk,/src/spdk/include/spdk/vfio_user_spec.h,/work/include/spdk/vfio_user_spec.h
spdk,/src/spdk/include/spdk/base64.h,/work/include/spdk/base64.h
spdk,/src/spdk/include/spdk/nvme_spec.h,/work/include/spdk/nvme_spec.h
spdk,/src/spdk/include/spdk/vhost.h,/work/include/spdk/vhost.h
spdk,/src/spdk/include/spdk/nvme_intel.h,/work/include/spdk/nvme_intel.h
spdk,/src/spdk/include/spdk/zipf.h,/work/include/spdk/zipf.h
spdk,/src/spdk/include/spdk/memory.h,/work/include/spdk/memory.h
spdk,/src/spdk/include/spdk/cpuset.h,/work/include/spdk/cpuset.h
spdk,/src/spdk/include/spdk/nvmf_spec.h,/work/include/spdk/nvmf_spec.h
spdk,/src/spdk/include/spdk/nvmf_fc_spec.h,/work/include/spdk/nvmf_fc_spec.h
spdk,/src/spdk/include/spdk/notify.h,/work/include/spdk/notify.h
spdk,/src/spdk/include/spdk/trace_parser.h,/work/include/spdk/trace_parser.h
spdk,/src/spdk/include/spdk/assert.h,/work/include/spdk/assert.h
spdk,/src/spdk/include/spdk/barrier.h,/work/include/spdk/barrier.h
spdk,/src/spdk/include/spdk/bit_array.h,/work/include/spdk/bit_array.h
spdk,/src/spdk/include/spdk/likely.h,/work/include/spdk/likely.h
spdk,/src/spdk/include/spdk/trace.h,/work/include/spdk/trace.h
spdk,/src/spdk/include/spdk/file.h,/work/include/spdk/file.h
spdk,/src/spdk/include/spdk/queue.h,/work/include/spdk/queue.h
spdk,/src/spdk/include/spdk/ftl.h,/work/include/spdk/ftl.h
spdk,/src/spdk/include/spdk/vfu_target.h,/work/include/spdk/vfu_target.h
spdk,/src/spdk/include/spdk/fd.h,/work/include/spdk/fd.h
spdk,/src/spdk/include/spdk/blob.h,/work/include/spdk/blob.h
spdk,/src/spdk/include/spdk/blobfs_bdev.h,/work/include/spdk/blobfs_bdev.h
spdk,/src/spdk/include/spdk/stdinc.h,/work/include/spdk/stdinc.h
spdk,/src/spdk/include/spdk/util.h,/work/include/spdk/util.h
spdk,/src/spdk/include/spdk/env.h,/work/include/spdk/env.h
spdk,/src/spdk/include/spdk/pci_ids.h,/work/include/spdk/pci_ids.h
spdk,/src/spdk/include/spdk/thread.h,/work/include/spdk/thread.h
spdk,/src/spdk/include/spdk/json.h,/work/include/spdk/json.h
spdk,/src/spdk/include/spdk/nvme_zns.h,/work/include/spdk/nvme_zns.h
spdk,/src/spdk/include/spdk/conf.h,/work/include/spdk/conf.h
spdk,/src/spdk/include/spdk/event.h,/work/include/spdk/event.h
spdk,/src/spdk/include/spdk/bdev_zone.h,/work/include/spdk/bdev_zone.h
spdk,/src/spdk/include/spdk/blobfs.h,/work/include/spdk/blobfs.h
spdk,/src/spdk/include/spdk/vfio_user_pci.h,/work/include/spdk/vfio_user_pci.h
spdk,/src/spdk/include/spdk/pipe.h,/work/include/spdk/pipe.h
spdk,/src/spdk/include/spdk/tree.h,/work/include/spdk/tree.h
spdk,/src/spdk/include/spdk/nvme.h,/work/include/spdk/nvme.h
spdk,/src/spdk/include/spdk/idxd_spec.h,/work/include/spdk/idxd_spec.h
spdk,/src/spdk/include/spdk/uuid.h,/work/include/spdk/uuid.h
spdk,/src/spdk/include/spdk/log.h,/work/include/spdk/log.h
spdk,/src/spdk/include/spdk/idxd.h,/work/include/spdk/idxd.h
spdk,/src/spdk/include/spdk/dma.h,/work/include/spdk/dma.h
spdk,/src/spdk/include/spdk/lvol.h,/work/include/spdk/lvol.h
spdk,/src/spdk/include/spdk/fd_group.h,/work/include/spdk/fd_group.h
spdk,/src/spdk/include/spdk/nvmf_cmd.h,/work/include/spdk/nvmf_cmd.h
spdk,/src/spdk/include/spdk/blob_bdev.h,/work/include/spdk/blob_bdev.h
spdk,/src/spdk/include/spdk/ioat.h,/work/include/spdk/ioat.h
spdk,/src/spdk/include/spdk/opal.h,/work/include/spdk/opal.h
spdk,/src/spdk/include/spdk/endian.h,/work/include/spdk/endian.h
spdk,/src/spdk/include/spdk/nvme_ocssd_spec.h,/work/include/spdk/nvme_ocssd_spec.h
spdk,/src/spdk/include/spdk/string.h,/work/include/spdk/string.h
spdk,/src/spdk/include/spdk/version.h,/work/include/spdk/version.h
spdk,/src/spdk/include/spdk/gpt_spec.h,/work/include/spdk/gpt_spec.h
spdk,/src/spdk/include/spdk/mmio.h,/work/include/spdk/mmio.h
spdk,/src/spdk/include/spdk/nvmf.h,/work/include/spdk/nvmf.h
spdk,/src/spdk/include/spdk/sock.h,/work/include/spdk/sock.h
spdk,/src/spdk/include/spdk/rpc.h,/work/include/spdk/rpc.h
spdk,/src/spdk/include/spdk/vmd.h,/work/include/spdk/vmd.h
spdk,/src/spdk/include/spdk/jsonrpc.h,/work/include/spdk/jsonrpc.h
spdk,/src/spdk/include/spdk/reduce.h,/work/include/spdk/reduce.h
spdk,/src/spdk/include/spdk/crc16.h,/work/include/spdk/crc16.h
spdk,/src/spdk/include/spdk/xor.h,/work/include/spdk/xor.h
spdk,/src/spdk/include/spdk/scsi_spec.h,/work/include/spdk/scsi_spec.h
spdk,/src/spdk/include/spdk/bdev_module.h,/work/include/spdk/bdev_module.h
spdk,/src/spdk/include/spdk/nvmf_transport.h,/work/include/spdk/nvmf_transport.h
spdk,/src/spdk/include/spdk/scheduler.h,/work/include/spdk/scheduler.h
spdk,/src/spdk/include/spdk/init.h,/work/include/spdk/init.h
spdk,/src/spdk/include/spdk/nbd.h,/work/include/spdk/nbd.h
spdk,/src/spdk/include/spdk/bit_pool.h,/work/include/spdk/bit_pool.h
spdk,/src/spdk/include/spdk/env_dpdk.h,/work/include/spdk/env_dpdk.h
spdk,/src/spdk/include/spdk/iscsi_spec.h,/work/include/spdk/iscsi_spec.h
spdk,/src/spdk/include/spdk/accel.h,/work/include/spdk/accel.h
spdk,/src/spdk/include/spdk/dif.h,/work/include/spdk/dif.h
spdk,/src/spdk/include/spdk/hexlify.h,/work/include/spdk/hexlify.h
spdk,/src/spdk/include/spdk/scsi.h,/work/include/spdk/scsi.h
spdk,/src/spdk/include/spdk/ioat_spec.h,/work/include/spdk/ioat_spec.h
spdk,/src/spdk/include/spdk/bdev.h,/work/include/spdk/bdev.h
spdk,/src/spdk/include/spdk/queue_extras.h,/work/include/spdk/queue_extras.h
spdk,/src/spdk/include/spdk/nvme_ocssd.h,/work/include/spdk/nvme_ocssd.h
spdk,/src/spdk/include/spdk/crc32.h,/work/include/spdk/crc32.h
spdk,/src/spdk/include/spdk/opal_spec.h,/work/include/spdk/opal_spec.h
