coturn,/src/coturn/src/client++/TurnMsgLib.h,/work/include/turn/client/TurnMsgLib.h
coturn,/src/coturn/src/client/ns_turn_msg.h,/work/include/turn/client/ns_turn_msg.h
coturn,/src/coturn/src/client/ns_turn_msg_addr.h,/work/include/turn/client/ns_turn_msg_addr.h
coturn,/src/coturn/src/ns_turn_defs.h,/work/include/turn/client/ns_turn_defs.h
coturn,/src/coturn/src/client/ns_turn_ioaddr.h,/work/include/turn/client/ns_turn_ioaddr.h
coturn,/src/coturn/src/client/ns_turn_msg_defs_experimental.h,/work/include/turn/client/ns_turn_msg_defs_experimental.h
coturn,/src/coturn/src/client/ns_turn_msg_defs.h,/work/include/turn/client/ns_turn_msg_defs.h
coturn,/src/coturn/src/apps/common/apputils.h,/work/include/turn/apputils.h
coturn,/src/coturn/src/apps/common/stun_buffer.h,/work/include/turn/stun_buffer.h
coturn,/src/coturn/src/apps/common/ns_turn_openssl.h,/work/include/turn/ns_turn_openssl.h
coturn,/src/coturn/src/apps/common/ns_turn_utils.h,/work/include/turn/ns_turn_utils.h
coturn,/src/coturn/src/server/ns_turn_server.h,/work/include/turn/server/ns_turn_server.h
coturn,/src/coturn/src/server/ns_turn_khash.h,/work/include/turn/server/ns_turn_khash.h
coturn,/src/coturn/src/server/ns_turn_allocation.h,/work/include/turn/server/ns_turn_allocation.h
coturn,/src/coturn/src/server/ns_turn_ioalib.h,/work/include/turn/server/ns_turn_ioalib.h
coturn,/src/coturn/src/server/ns_turn_session.h,/work/include/turn/server/ns_turn_session.h
coturn,/src/coturn/src/server/ns_turn_maps_rtcp.h,/work/include/turn/server/ns_turn_maps_rtcp.h
coturn,/src/coturn/src/server/ns_turn_maps.h,/work/include/turn/server/ns_turn_maps.h
