proftpd,/src/proftpd/config.h,/work/include/proftpd/config.h
proftpd,/src/proftpd/include/proftpd.h,/work/include/proftpd/proftpd.h
proftpd,/src/proftpd/include/session.h,/work/include/proftpd/session.h
proftpd,/src/proftpd/include/buildstamp.h,/work/include/proftpd/buildstamp.h
proftpd,/src/proftpd/include/privs.h,/work/include/proftpd/privs.h
proftpd,/src/proftpd/include/sets.h,/work/include/proftpd/sets.h
proftpd,/src/proftpd/include/throttle.h,/work/include/proftpd/throttle.h
proftpd,/src/proftpd/include/proctitle.h,/work/include/proftpd/proctitle.h
proftpd,/src/proftpd/include/table.h,/work/include/proftpd/table.h
proftpd,/src/proftpd/include/auth.h,/work/include/proftpd/auth.h
proftpd,/src/proftpd/include/timers.h,/work/include/proftpd/timers.h
proftpd,/src/proftpd/Make.rules,/work/include/proftpd/Make.rules
proftpd,/src/proftpd/include/hanson-tpl.h,/work/include/proftpd/hanson-tpl.h
proftpd,/src/proftpd/include/pr-syslog.h,/work/include/proftpd/pr-syslog.h
proftpd,/src/proftpd/include/trace.h,/work/include/proftpd/trace.h
proftpd,/src/proftpd/include/pool.h,/work/include/proftpd/pool.h
proftpd,/src/proftpd/include/rlimit.h,/work/include/proftpd/rlimit.h
proftpd,/src/proftpd/include/response.h,/work/include/proftpd/response.h
proftpd,/src/proftpd/include/ctrls.h,/work/include/proftpd/ctrls.h
proftpd,/src/proftpd/include/child.h,/work/include/proftpd/child.h
proftpd,/src/proftpd/include/inet.h,/work/include/proftpd/inet.h
proftpd,/src/proftpd/include/redis.h,/work/include/proftpd/redis.h
proftpd,/src/proftpd/include/filter.h,/work/include/proftpd/filter.h
proftpd,/src/proftpd/include/env.h,/work/include/proftpd/env.h
proftpd,/src/proftpd/include/regexp.h,/work/include/proftpd/regexp.h
proftpd,/src/proftpd/include/var.h,/work/include/proftpd/var.h
proftpd,/src/proftpd/include/json.h,/work/include/proftpd/json.h
proftpd,/src/proftpd/include/lastlog.h,/work/include/proftpd/lastlog.h
proftpd,/src/proftpd/include/conf.h,/work/include/proftpd/conf.h
proftpd,/src/proftpd/include/event.h,/work/include/proftpd/event.h
proftpd,/src/proftpd/include/ascii.h,/work/include/proftpd/ascii.h
proftpd,/src/proftpd/include/bindings.h,/work/include/proftpd/bindings.h
proftpd,/src/proftpd/include/ccan-json.h,/work/include/proftpd/ccan-json.h
proftpd,/src/proftpd/include/os.h,/work/include/proftpd/os.h
proftpd,/src/proftpd/include/class.h,/work/include/proftpd/class.h
proftpd,/src/proftpd/include/log.h,/work/include/proftpd/log.h
proftpd,/src/proftpd/include/help.h,/work/include/proftpd/help.h
proftpd,/src/proftpd/include/ident.h,/work/include/proftpd/ident.h
proftpd,/src/proftpd/include/random.h,/work/include/proftpd/random.h
proftpd,/src/proftpd/include/dirtree.h,/work/include/proftpd/dirtree.h
proftpd,/src/proftpd/include/utf8.h,/work/include/proftpd/utf8.h
proftpd,/src/proftpd/include/stash.h,/work/include/proftpd/stash.h
proftpd,/src/proftpd/include/netio.h,/work/include/proftpd/netio.h
proftpd,/src/proftpd/include/display.h,/work/include/proftpd/display.h
proftpd,/src/proftpd/include/compat.h,/work/include/proftpd/compat.h
proftpd,/src/proftpd/include/pidfile.h,/work/include/proftpd/pidfile.h
proftpd,/src/proftpd/include/encode.h,/work/include/proftpd/encode.h
proftpd,/src/proftpd/include/glibc-glob.h,/work/include/proftpd/glibc-glob.h
proftpd,/src/proftpd/include/version.h,/work/include/proftpd/version.h
proftpd,/src/proftpd/include/mkhome.h,/work/include/proftpd/mkhome.h
proftpd,/src/proftpd/include/cmd.h,/work/include/proftpd/cmd.h
proftpd,/src/proftpd/include/signals.h,/work/include/proftpd/signals.h
proftpd,/src/proftpd/include/feat.h,/work/include/proftpd/feat.h
proftpd,/src/proftpd/include/mod_ctrls.h,/work/include/proftpd/mod_ctrls.h
proftpd,/src/proftpd/include/expr.h,/work/include/proftpd/expr.h
proftpd,/src/proftpd/include/modules.h,/work/include/proftpd/modules.h
proftpd,/src/proftpd/include/scoreboard.h,/work/include/proftpd/scoreboard.h
proftpd,/src/proftpd/include/netaddr.h,/work/include/proftpd/netaddr.h
proftpd,/src/proftpd/include/logfmt.h,/work/include/proftpd/logfmt.h
proftpd,/src/proftpd/include/jot.h,/work/include/proftpd/jot.h
proftpd,/src/proftpd/include/netacl.h,/work/include/proftpd/netacl.h
proftpd,/src/proftpd/include/memcache.h,/work/include/proftpd/memcache.h
proftpd,/src/proftpd/include/data.h,/work/include/proftpd/data.h
proftpd,/src/proftpd/include/fsio.h,/work/include/proftpd/fsio.h
proftpd,/src/proftpd/include/options.h,/work/include/proftpd/options.h
proftpd,/src/proftpd/include/base.h,/work/include/proftpd/base.h
proftpd,/src/proftpd/acconfig.h,/work/include/proftpd/acconfig.h
proftpd,/src/proftpd/include/xferlog.h,/work/include/proftpd/xferlog.h
proftpd,/src/proftpd/include/ftp.h,/work/include/proftpd/ftp.h
proftpd,/src/proftpd/include/configdb.h,/work/include/proftpd/configdb.h
proftpd,/src/proftpd/include/error.h,/work/include/proftpd/error.h
proftpd,/src/proftpd/include/support.h,/work/include/proftpd/support.h
proftpd,/src/proftpd/include/openbsd-blowfish.h,/work/include/proftpd/openbsd-blowfish.h
proftpd,/src/proftpd/include/parser.h,/work/include/proftpd/parser.h
proftpd,/src/proftpd/include/str.h,/work/include/proftpd/str.h
proftpd,/src/proftpd/include/default_paths.h,/work/include/proftpd/default_paths.h
