libwebsockets,/src/libwebsockets/build/lws_config.h,/work/include/lws_config.h
libwebsockets,/src/libwebsockets/include/libwebsockets/lws-jrpc.h,/work/include/libwebsockets/lws-jrpc.h
libwebsockets,/src/libwebsockets/include/libwebsockets/lws-protocols-plugins.h,/work/include/libwebsockets/lws-protocols-plugins.h
libwebsockets,/src/libwebsockets/include/libwebsockets/lws-tokenize.h,/work/include/libwebsockets/lws-tokenize.h
libwebsockets,/src/libwebsockets/include/libwebsockets/lws-retry.h,/work/include/libwebsockets/lws-retry.h
libwebsockets,/src/libwebsockets/include/libwebsockets/lws-dlo.h,/work/include/libwebsockets/lws-dlo.h
libwebsockets,/src/libwebsockets/include/libwebsockets/lws-struct.h,/work/include/libwebsockets/lws-struct.h
libwebsockets,/src/libwebsockets/include/libwebsockets/lws-genaes.h,/work/include/libwebsockets/lws-genaes.h
libwebsockets,/src/libwebsockets/include/libwebsockets/lws-cose.h,/work/include/libwebsockets/lws-cose.h
libwebsockets,/src/libwebsockets/include/libwebsockets/lws-dbus.h,/work/include/libwebsockets/lws-dbus.h
libwebsockets,/src/libwebsockets/include/libwebsockets/lws-dll2.h,/work/include/libwebsockets/lws-dll2.h
libwebsockets,/src/libwebsockets/include/libwebsockets/lws-jpeg.h,/work/include/libwebsockets/lws-jpeg.h
libwebsockets,/src/libwebsockets/include/libwebsockets/lws-x509.h,/work/include/libwebsockets/lws-x509.h
libwebsockets,/src/libwebsockets/include/libwebsockets/lws-esp32-spi.h,/work/include/libwebsockets/lws-esp32-spi.h
libwebsockets,/src/libwebsockets/include/libwebsockets/lws-client.h,/work/include/libwebsockets/lws-client.h
libwebsockets,/src/libwebsockets/include/libwebsockets/lws-ssd1306-i2c.h,/work/include/libwebsockets/lws-ssd1306-i2c.h
libwebsockets,/src/libwebsockets/include/libwebsockets/lws-state.h,/work/include/libwebsockets/lws-state.h
libwebsockets,/src/libwebsockets/include/libwebsockets/lws-jwe.h,/work/include/libwebsockets/lws-jwe.h
libwebsockets,/src/libwebsockets/include/libwebsockets/lws-gpio.h,/work/include/libwebsockets/lws-gpio.h
libwebsockets,/src/libwebsockets/include/libwebsockets/lws-threadpool.h,/work/include/libwebsockets/lws-threadpool.h
libwebsockets,/src/libwebsockets/include/libwebsockets/lws-secure-streams.h,/work/include/libwebsockets/lws-secure-streams.h
libwebsockets,/src/libwebsockets/include/libwebsockets/lws-conmon.h,/work/include/libwebsockets/lws-conmon.h
libwebsockets,/src/libwebsockets/include/libwebsockets/lws-callbacks.h,/work/include/libwebsockets/lws-callbacks.h
libwebsockets,/src/libwebsockets/include/libwebsockets/lws-led.h,/work/include/libwebsockets/lws-led.h
libwebsockets,/src/libwebsockets/include/libwebsockets/lws-test-sequencer.h,/work/include/libwebsockets/lws-test-sequencer.h
libwebsockets,/src/libwebsockets/include/libwebsockets/lws-lejp.h,/work/include/libwebsockets/lws-lejp.h
libwebsockets,/src/libwebsockets/include/libwebsockets/lws-spa.h,/work/include/libwebsockets/lws-spa.h
libwebsockets,/src/libwebsockets/include/libwebsockets/lws-cache-ttl.h,/work/include/libwebsockets/lws-cache-ttl.h
libwebsockets,/src/libwebsockets/include/libwebsockets/lws-i2c.h,/work/include/libwebsockets/lws-i2c.h
libwebsockets,/src/libwebsockets/include/libwebsockets/lws-gencrypto.h,/work/include/libwebsockets/lws-gencrypto.h
libwebsockets,/src/libwebsockets/include/libwebsockets/lws-ws-ext.h,/work/include/libwebsockets/lws-ws-ext.h
libwebsockets,/src/libwebsockets/include/libwebsockets/lws-secure-streams-policy.h,/work/include/libwebsockets/lws-secure-streams-policy.h
libwebsockets,/src/libwebsockets/include/libwebsockets/lws-uc8176-spi.h,/work/include/libwebsockets/lws-uc8176-spi.h
libwebsockets,/src/libwebsockets/include/libwebsockets/lws-lecp.h,/work/include/libwebsockets/lws-lecp.h
libwebsockets,/src/libwebsockets/include/libwebsockets/lws-genhash.h,/work/include/libwebsockets/lws-genhash.h
libwebsockets,/src/libwebsockets/include/libwebsockets/lws-fts.h,/work/include/libwebsockets/lws-fts.h
libwebsockets,/src/libwebsockets/include/libwebsockets/lws-misc.h,/work/include/libwebsockets/lws-misc.h
libwebsockets,/src/libwebsockets/include/libwebsockets/lws-secure-streams-client.h,/work/include/libwebsockets/lws-secure-streams-client.h
libwebsockets,/src/libwebsockets/include/libwebsockets/lws-service.h,/work/include/libwebsockets/lws-service.h
libwebsockets,/src/libwebsockets/include/libwebsockets/lws-map.h,/work/include/libwebsockets/lws-map.h
libwebsockets,/src/libwebsockets/include/libwebsockets/lws-freertos.h,/work/include/libwebsockets/lws-freertos.h
libwebsockets,/src/libwebsockets/include/libwebsockets/lws-system.h,/work/include/libwebsockets/lws-system.h
libwebsockets,/src/libwebsockets/include/libwebsockets/lws-cgi.h,/work/include/libwebsockets/lws-cgi.h
libwebsockets,/src/libwebsockets/include/libwebsockets/lws-smd.h,/work/include/libwebsockets/lws-smd.h
libwebsockets,/src/libwebsockets/include/libwebsockets/lws-ili9341-spi.h,/work/include/libwebsockets/lws-ili9341-spi.h
libwebsockets,/src/libwebsockets/include/libwebsockets/lws-async-dns.h,/work/include/libwebsockets/lws-async-dns.h
libwebsockets,/src/libwebsockets/include/libwebsockets/lws-genrsa.h,/work/include/libwebsockets/lws-genrsa.h
libwebsockets,/src/libwebsockets/include/libwebsockets/lws-spi.h,/work/include/libwebsockets/lws-spi.h
libwebsockets,/src/libwebsockets/include/libwebsockets/lws-diskcache.h,/work/include/libwebsockets/lws-diskcache.h
libwebsockets,/src/libwebsockets/include/libwebsockets/lws-logs.h,/work/include/libwebsockets/lws-logs.h
libwebsockets,/src/libwebsockets/include/libwebsockets/lws-ws-state.h,/work/include/libwebsockets/lws-ws-state.h
libwebsockets,/src/libwebsockets/include/libwebsockets/lws-writeable.h,/work/include/libwebsockets/lws-writeable.h
libwebsockets,/src/libwebsockets/include/libwebsockets/lws-vfs.h,/work/include/libwebsockets/lws-vfs.h
libwebsockets,/src/libwebsockets/include/libwebsockets/lws-html.h,/work/include/libwebsockets/lws-html.h
libwebsockets,/src/libwebsockets/include/libwebsockets/lws-spd1656-spi.h,/work/include/libwebsockets/lws-spd1656-spi.h
libwebsockets,/src/libwebsockets/include/libwebsockets/lws-ota.h,/work/include/libwebsockets/lws-ota.h
libwebsockets,/src/libwebsockets/include/libwebsockets/lws-sha1-base64.h,/work/include/libwebsockets/lws-sha1-base64.h
libwebsockets,/src/libwebsockets/include/libwebsockets/lws-ws-close.h,/work/include/libwebsockets/lws-ws-close.h
libwebsockets,/src/libwebsockets/include/libwebsockets/lws-jwk.h,/work/include/libwebsockets/lws-jwk.h
libwebsockets,/src/libwebsockets/include/libwebsockets/lws-secure-streams-serialization.h,/work/include/libwebsockets/lws-secure-streams-serialization.h
libwebsockets,/src/libwebsockets/include/libwebsockets/lws-settings.h,/work/include/libwebsockets/lws-settings.h
libwebsockets,/src/libwebsockets/include/libwebsockets/lws-tls-sessions.h,/work/include/libwebsockets/lws-tls-sessions.h
libwebsockets,/src/libwebsockets/include/libwebsockets/lws-display.h,/work/include/libwebsockets/lws-display.h
libwebsockets,/src/libwebsockets/include/libwebsockets/lws-optee.h,/work/include/libwebsockets/lws-optee.h
libwebsockets,/src/libwebsockets/include/libwebsockets/lws-ssd1675b-spi.h,/work/include/libwebsockets/lws-ssd1675b-spi.h
libwebsockets,/src/libwebsockets/include/libwebsockets/lws-jose.h,/work/include/libwebsockets/lws-jose.h
libwebsockets,/src/libwebsockets/include/libwebsockets/lws-network-helper.h,/work/include/libwebsockets/lws-network-helper.h
libwebsockets,/src/libwebsockets/include/libwebsockets/lws-pwm.h,/work/include/libwebsockets/lws-pwm.h
libwebsockets,/src/libwebsockets/include/libwebsockets/lws-upng.h,/work/include/libwebsockets/lws-upng.h
libwebsockets,/src/libwebsockets/include/libwebsockets/lws-eventlib-exports.h,/work/include/libwebsockets/lws-eventlib-exports.h
libwebsockets,/src/libwebsockets/include/libwebsockets/lws-bb-i2c.h,/work/include/libwebsockets/lws-bb-i2c.h
libwebsockets,/src/libwebsockets/include/libwebsockets/lws-jws.h,/work/include/libwebsockets/lws-jws.h
libwebsockets,/src/libwebsockets/include/libwebsockets/lws-netdev.h,/work/include/libwebsockets/lws-netdev.h
libwebsockets,/src/libwebsockets/include/libwebsockets/lws-fault-injection.h,/work/include/libwebsockets/lws-fault-injection.h
libwebsockets,/src/libwebsockets/include/libwebsockets/lws-genec.h,/work/include/libwebsockets/lws-genec.h
libwebsockets,/src/libwebsockets/include/libwebsockets/lws-http.h,/work/include/libwebsockets/lws-http.h
libwebsockets,/src/libwebsockets/include/libwebsockets/lws-write.h,/work/include/libwebsockets/lws-write.h
libwebsockets,/src/libwebsockets/include/libwebsockets/lws-purify.h,/work/include/libwebsockets/lws-purify.h
libwebsockets,/src/libwebsockets/include/libwebsockets/lws-button.h,/work/include/libwebsockets/lws-button.h
libwebsockets,/src/libwebsockets/include/libwebsockets/lws-metrics.h,/work/include/libwebsockets/lws-metrics.h
libwebsockets,/src/libwebsockets/include/libwebsockets/lws-bb-spi.h,/work/include/libwebsockets/lws-bb-spi.h
libwebsockets,/src/libwebsockets/include/libwebsockets/lws-secure-streams-transport-proxy.h,/work/include/libwebsockets/lws-secure-streams-transport-proxy.h
libwebsockets,/src/libwebsockets/include/libwebsockets/lws-mqtt.h,/work/include/libwebsockets/lws-mqtt.h
libwebsockets,/src/libwebsockets/include/libwebsockets/lws-context-vhost.h,/work/include/libwebsockets/lws-context-vhost.h
libwebsockets,/src/libwebsockets/include/libwebsockets/lws-lwsac.h,/work/include/libwebsockets/lws-lwsac.h
libwebsockets,/src/libwebsockets/include/libwebsockets/lws-dsh.h,/work/include/libwebsockets/lws-dsh.h
libwebsockets,/src/libwebsockets/include/libwebsockets/lws-ring.h,/work/include/libwebsockets/lws-ring.h
libwebsockets,/src/libwebsockets/include/libwebsockets/lws-backtrace.h,/work/include/libwebsockets/lws-backtrace.h
libwebsockets,/src/libwebsockets/include/libwebsockets/lws-timeout-timer.h,/work/include/libwebsockets/lws-timeout-timer.h
libwebsockets,/src/libwebsockets/include/libwebsockets/lws-adopt.h,/work/include/libwebsockets/lws-adopt.h
libwebsockets,/src/libwebsockets/include/libwebsockets.h,/work/include/libwebsockets.h
